INSERT INTO Usuarios (id, email, pwd, nombre, apellido1, apellido2, centro, twoFA, role) 
VALUES ('c084162a-133f-4046-8866-fe5b8f43f6c9', 'juan.delgado@ejemplo.com', '066b38460608c7c7745116cfa7b000d14fccdf34cd639a73180c845bca796c2c1817ff694bec90bee6f8dbca8d0f5c07ae09a3abf7711e77993328e456b894bb', 'Juan', 'Delgado', 'Pérez', 'Hospital Central', true, 'ROLE_ADMIN');

INSERT INTO Usuarios (id, email, pwd, nombre, apellido1, apellido2, centro, twoFA, role) 
VALUES ('4b95832f-685e-4116-b4ca-e681d7c03542', 'maria.sanchez85@gmail.com', '066b38460608c7c7745116cfa7b000d14fccdf34cd639a73180c845bca796c2c1817ff694bec90bee6f8dbca8d0f5c07ae09a3abf7711e77993328e456b894bb', 'María', 'Sánchez', 'López', 'Clínica Universitaria', true, 'ROLE_ADMIN');

INSERT INTO Usuarios (id, email, pwd, nombre, apellido1, apellido2, centro, twoFA, role) 
VALUES ('7a6f309b-091e-4c23-9c5a-2b06d079361b', 'pedro.martinez@salud.gob.es', '066b38460608c7c7745116cfa7b000d14fccdf34cd639a73180c845bca796c2c1817ff694bec90bee6f8dbca8d0f5c07ae09a3abf7711e77993328e456b894bb', 'Pedro', 'Martínez', 'González', 'Centro de Salud Rural', true, 'ROLE_ADMIN');

INSERT INTO Usuarios (id, email, pwd, nombre, apellido1, apellido2, centro, twoFA, role) 
VALUES ('9f384d71-22ee-4b54-9467-5c2a4856b42f', 'juan.perez@ejemplo.com', '066b38460608c7c7745116cfa7b000d14fccdf34cd639a73180c845bca796c2c1817ff694bec90bee6f8dbca8d0f5c07ae09a3abf7711e77993328e456b894bb', 'Juan', 'Pérez', 'González', 'Universidad de Ejemplo', true, 'ROLE_EMPLOYEE');

INSERT INTO Usuarios (id, email, pwd, nombre, apellido1, apellido2, centro, twoFA, role) 
VALUES ('3a72b9f5-864c-40fe-821b-7d5ca1234567', 'maria.rodriguez@ejemplo.com', '066b38460608c7c7745116cfa7b000d14fccdf34cd639a73180c845bca796c2c1817ff694bec90bee6f8dbca8d0f5c07ae09a3abf7711e77993328e456b894bb', 'María', 'Rodríguez', 'López', 'Hospital Central', true, 'ROLE_EMPLOYEE');

INSERT INTO Usuarios (id, email, pwd, nombre, apellido1, apellido2, centro, twoFA, role) 
VALUES ('b2c3d4e5-f6g7-h8i9-j0k1-l2m3n4o5p6q7', 'pedro.martinez@ejemplo.com', '066b38460608c7c7745116cfa7b000d14fccdf34cd639a73180c845bca796c2c1817ff694bec90bee6f8dbca8d0f5c07ae09a3abf7711e77993328e456b894bb', 'Pedro', 'Martínez', 'Hernández', 'Empresa XYZ', true, 'ROLE_EMPLOYEE');

INSERT INTO Usuarios (id, email, pwd, nombre, apellido1, apellido2, centro, twoFA, role) 
VALUES ('5a6b7c8d-9e0f-1g2h-3i4j-5k6l7m8n9o0', 'ana.garcia@ejemplo.com', '066b38460608c7c7745116cfa7b000d14fccdf34cd639a73180c845bca796c2c1817ff694bec90bee6f8dbca8d0f5c07ae09a3abf7711e77993328e456b894bb', 'Ana', 'García', 'Jiménez', 'Gimnasio Fit', true, 'ROLE_EMPLOYEE');

INSERT INTO Usuarios (id, email, pwd, nombre, apellido1, apellido2, centro, twoFA, role) 
VALUES ('7d8e9f0a-1b2c-3d4e-5f6g-7h8i9j0k1l2', 'luis.fernandez@ejemplo.com', '066b38460608c7c7745116cfa7b000d14fccdf34cd639a73180c845bca796c2c1817ff694bec90bee6f8dbca8d0f5c07ae09a3abf7711e77993328e456b894bb', 'Luis', 'Fernández', 'Ruiz', 'Restaurante La Cocina', true, 'ROLE_EMPLOYEE');

-- Usuarios adicionales con campo 'role'
INSERT INTO Usuarios (id, email, pwd, nombre, apellido1, apellido2, centro, twoFA, role) 
VALUES ('f25517b5-3304-4fa2-9133-bcb53e07ea18', 'luise.fdezmedina@gmail.com', '066b38460608c7c7745116cfa7b000d14fccdf34cd639a73180c845bca796c2c1817ff694bec90bee6f8dbca8d0f5c07ae09a3abf7711e77993328e456b894bb', 'Luis Eduardo', 'Fernández-Medina', 'Cimas', 'ESI UCLM', true, 'ROLE_ADMIN');

INSERT INTO Usuarios (id, email, pwd, nombre, apellido1, apellido2, centro, twoFA, role) 
VALUES ('5803dc40-eec9-46c6-a308-b32588f294b6', 'guillermo.espejo@alu.uclm.es', '066b38460608c7c7745116cfa7b000d14fccdf34cd639a73180c845bca796c2c1817ff694bec90bee6f8dbca8d0f5c07ae09a3abf7711e77993328e456b894bb', 'Guillermo', 'Espejo', 'Palomeque', 'ESI UCLM', true, 'ROLE_ADMIN');

INSERT INTO Usuarios (id, email, pwd, nombre, apellido1, apellido2, centro, twoFA, role) 
VALUES ('86a54ba8-5c2d-496a-9250-ce7d35aabb11', 'yolanda.galvan@alu.uclm.es', '066b38460608c7c7745116cfa7b000d14fccdf34cd639a73180c845bca796c2c1817ff694bec90bee6f8dbca8d0f5c07ae09a3abf7711e77993328e456b894bb', 'Yolanda', 'Galván', 'Redondo', 'ESI UCLM', true, 'ROLE_ADMIN');

INSERT INTO Usuarios (id, email, pwd, nombre, apellido1, apellido2, centro, twoFA, role) 
VALUES ('22fad7d4-4746-4bdf-9606-6a5659615b11', 'adrian.gomez14@alu.uclm.es', '066b38460608c7c7745116cfa7b000d14fccdf34cd639a73180c845bca796c2c1817ff694bec90bee6f8dbca8d0f5c07ae09a3abf7711e77993328e456b894bb', 'Adrian', 'Gomez del Moral', 'Rodriguez-Madridejos', 'ESI UCLM', true, 'ROLE_ADMIN');

INSERT INTO Usuarios (id, email, pwd, nombre, apellido1, apellido2, centro, twoFA, role) 
VALUES ('1cff7cf2-4c6f-463f-b671-256d7c534fd6', 'ivan.jimenez4@alu.uclm.es', '066b38460608c7c7745116cfa7b000d14fccdf34cd639a73180c845bca796c2c1817ff694bec90bee6f8dbca8d0f5c07ae09a3abf7711e77993328e456b894bb', 'Iván', 'Jimenez', 'Quintana', 'ESI UCLM', true, 'ROLE_ADMIN');

INSERT INTO Usuarios (id, email, pwd, nombre, apellido1, apellido2, centro, twoFA, role) 
VALUES ('b6c34fef-9d99-423d-82cd-daa178f05f11', 'antonio.sanchez36@alu.uclm.es', '066b38460608c7c7745116cfa7b000d14fccdf34cd639a73180c845bca796c2c1817ff694bec90bee6f8dbca8d0f5c07ae09a3abf7711e77993328e456b894bb', 'Antonio', 'Sanchez', 'Sanchez', 'ESI UCLM', true, 'ROLE_ADMIN');

-- Usuarios Queries
INSERT INTO Usuarios (id, email, pwd, nombre, apellido1, apellido2, centro, twoFA, role) 
VALUES ('a1d5e74b-4f6e-4323-9b87-8fce5cb8a2a6', 'empleado1@ejemplo.com', '066b38460608c7c7745116cfa7b000d14fccdf34cd639a73180c845bca796c2c1817ff694bec90bee6f8dbca8d0f5c07ae09a3abf7711e77993328e456b894bb', 'Nombre1', 'Apellido1_1', 'Apellido2_1', 'Universidad de Ejemplo', true, 'ROLE_EMPLOYEE');
INSERT INTO Usuarios (id, email, pwd, nombre, apellido1, apellido2, centro, twoFA, role) 
VALUES ('5b3fa7fc-b862-46f3-92e1-438dc2c4763c', 'empleado2@ejemplo.com', '066b38460608c7c7745116cfa7b000d14fccdf34cd639a73180c845bca796c2c1817ff694bec90bee6f8dbca8d0f5c07ae09a3abf7711e77993328e456b894bb', 'Nombre2', 'Apellido1_2', 'Apellido2_2', 'Universidad de Ejemplo', true, 'ROLE_EMPLOYEE');
INSERT INTO Usuarios (id, email, pwd, nombre, apellido1, apellido2, centro, twoFA, role) 
VALUES ('f1f8b8bc-88de-4aa2-81ff-e9e563a1b639', 'empleado3@ejemplo.com', '066b38460608c7c7745116cfa7b000d14fccdf34cd639a73180c845bca796c2c1817ff694bec90bee6f8dbca8d0f5c07ae09a3abf7711e77993328e456b894bb', 'Nombre3', 'Apellido1_3', 'Apellido2_3', 'Universidad de Ejemplo', true, 'ROLE_EMPLOYEE');
INSERT INTO Usuarios (id, email, pwd, nombre, apellido1, apellido2, centro, twoFA, role) 
VALUES ('39be3c91-965f-40a3-9e7e-fef327fcd1c6', 'empleado4@ejemplo.com', '066b38460608c7c7745116cfa7b000d14fccdf34cd639a73180c845bca796c2c1817ff694bec90bee6f8dbca8d0f5c07ae09a3abf7711e77993328e456b894bb', 'Nombre4', 'Apellido1_4', 'Apellido2_4', 'Universidad de Ejemplo', true, 'ROLE_EMPLOYEE');
INSERT INTO Usuarios (id, email, pwd, nombre, apellido1, apellido2, centro, twoFA, role) 
VALUES ('4f40bb3f-482f-4a69-8de1-9c83cf2c75d9', 'empleado5@ejemplo.com', '066b38460608c7c7745116cfa7b000d14fccdf34cd639a73180c845bca796c2c1817ff694bec90bee6f8dbca8d0f5c07ae09a3abf7711e77993328e456b894bb', 'Nombre5', 'Apellido1_5', 'Apellido2_5', 'Universidad de Ejemplo', true, 'ROLE_EMPLOYEE');

INSERT INTO Admins (id, interno) VALUES ('c084162a-133f-4046-8866-fe5b8f43f6c9', 1);
INSERT INTO Admins (id, interno) VALUES ('4b95832f-685e-4116-b4ca-e681d7c03542', 0);
INSERT INTO Admins (id, interno) VALUES ('7a6f309b-091e-4c23-9c5a-2b06d079361b', 0);

INSERT INTO Admins (id, interno) VALUES ('f25517b5-3304-4fa2-9133-bcb53e07ea18', 0);
INSERT INTO Admins (id, interno) VALUES ('5803dc40-eec9-46c6-a308-b32588f294b6', 0);
INSERT INTO Admins (id, interno) VALUES ('86a54ba8-5c2d-496a-9250-ce7d35aabb11', 0);
INSERT INTO Admins (id, interno) VALUES ('22fad7d4-4746-4bdf-9606-6a5659615b11', 0);
INSERT INTO Admins (id, interno) VALUES ('1cff7cf2-4c6f-463f-b671-256d7c534fd6', 0);
INSERT INTO Admins (id, interno) VALUES ('b6c34fef-9d99-423d-82cd-daa178f05f11', 0);

INSERT INTO Empleados (id, departamento, fechaalta, perfil, bloqueado, verificado) VALUES ('9f384d71-22ee-4b54-9467-5c2a4856b42f', 'Informática', '2023-11-15', 'Estudiante', 1, 0);
INSERT INTO Empleados (id, departamento, fechaalta, perfil, bloqueado, verificado) VALUES ('3a72b9f5-864c-40fe-821b-7d5ca1234567', 'Medicina', '2024-01-02', 'Médico', 0, 1);
INSERT INTO Empleados (id, departamento, fechaalta, perfil, bloqueado, verificado) VALUES ('b2c3d4e5-f6g7-h8i9-j0k1-l2m3n4o5p6q7', 'Ventas', '2023-09-20', 'Vendedor', 1, 0);
INSERT INTO Empleados (id, departamento, fechaalta, perfil, bloqueado, verificado) VALUES ('5a6b7c8d-9e0f-1g2h-3i4j-5k6l7m8n9o0', 'Recepción', '2024-02-10', 'Recepcionista', 1, 0);
INSERT INTO Empleados (id, departamento, fechaalta, perfil, bloqueado, verificado) VALUES ('7d8e9f0a-1b2c-3d4e-5f6g-7h8i9j0k1l2', 'Cocina', '2023-12-15', 'Cocinero', 0, 1);

INSERT INTO Empleados (id, departamento, fechaalta, perfil, bloqueado, verificado) 
VALUES ('a1d5e74b-4f6e-4323-9b87-8fce5cb8a2a6', 'Departamento1', '2023-11-15', 'Empleado', 0, 1);
INSERT INTO Empleados (id, departamento, fechaalta, perfil, bloqueado, verificado) 
VALUES ('5b3fa7fc-b862-46f3-92e1-438dc2c4763c', 'Departamento2', '2023-11-15', 'Empleado', 0, 1);
INSERT INTO Empleados (id, departamento, fechaalta, perfil, bloqueado, verificado) 
VALUES ('f1f8b8bc-88de-4aa2-81ff-e9e563a1b639', 'Departamento3', '2023-11-15', 'Empleado', 0, 1);
INSERT INTO Empleados (id, departamento, fechaalta, perfil, bloqueado, verificado) 
VALUES ('39be3c91-965f-40a3-9e7e-fef327fcd1c6', 'Departamento4', '2023-11-15', 'Empleado', 0, 1);
INSERT INTO Empleados (id, departamento, fechaalta, perfil, bloqueado, verificado) 
VALUES ('4f40bb3f-482f-4a69-8de1-9c83cf2c75d9', 'Departamento5', '2023-11-15', 'Empleado', 0, 1);

INSERT INTO ausencias (fecha_inicio, fecha_fin, motivo, id_empleado) VALUES ('2024-03-15', '2025-03-16', 'Enfermedad', '9f384d71-22ee-4b54-9467-5c2a4856b42f');
INSERT INTO ausencias (fecha_inicio, fecha_fin, motivo, id_empleado) VALUES ('2024-04-05', '2025-04-20', 'Vacaciones', '9f384d71-22ee-4b54-9467-5c2a4856b42f');
INSERT INTO ausencias (fecha_inicio, fecha_fin, motivo, id_empleado) VALUES ('2024-03-20', '2025-03-22', 'Asuntos personales', '3a72b9f5-864c-40fe-821b-7d5ca1234567');

INSERT INTO Turnos (id, hora_inicio, hora_final) 
VALUES (1, '06:00:00', '14:00:00');

-- Turno de tarde
INSERT INTO Turnos (id, hora_inicio, hora_final) 
VALUES (2, '14:00:00', '22:00:00');

-- Turno de noche
INSERT INTO Turnos (id, hora_inicio, hora_final) 
VALUES (3, '22:00:00', '06:00:00');

INSERT INTO Reuniones (id, inicio, fin, id_organizador, ubicacion, observaciones, estado, asunto)
VALUES 
('1', '2024-11-20 10:00:00', '2024-11-20 11:00:00', '3a72b9f5-864c-40fe-821b-7d5ca1234567', 'Sala A', 'Sin observaciones', 'ABIERTA', 'Reunión Semanal'),
('2', '2024-11-25 14:00:00', '2024-11-25 15:30:00', '3a72b9f5-864c-40fe-821b-7d5ca1234567', 'Sala B', 'Reunión estratégica', 'ABIERTA', 'Planificación Mensual'),
('3', '2024-11-22 09:00:00', '2024-11-22 10:30:00', '7d8e9f0a-1b2c-3d4e-5f6g-7h8i9j0k1l2', 'Sala C', 'Revisar presupuesto anual', 'ABIERTA', 'Revisión de Presupuesto'),
('4', '2024-11-28 15:00:00', '2024-11-28 16:30:00', '7d8e9f0a-1b2c-3d4e-5f6g-7h8i9j0k1l2', 'Sala D', 'Capacitación del equipo', 'ABIERTA', 'Formación Interna');

INSERT INTO Asistente (id_reunion, id_usuario, estado, asiste)
VALUES 
('3', '3a72b9f5-864c-40fe-821b-7d5ca1234567', 'ACEPTADA', true),
('4', '3a72b9f5-864c-40fe-821b-7d5ca1234567', 'ACEPTADA', true);

